Playlist Id,Channel Id,Time Created,Time Updated,Title,Description,Visibility
PLU1cYDntAmw0aYr8KIS1doIaI46BUCMsB,UCLuSHhURU35xtFCoEaoSEzA,2020-12-05 04:34:36 UTC,2022-08-13 05:49:19 UTC,@l@n,,Public

Video Id,Time Added
BIXzRH580mo,2022-08-13 05:49:19 UTC
LHL9Ugx4UQ0,2022-08-13 05:48:58 UTC
TDQEu2Fiy0o,2022-08-12 20:31:26 UTC
7ZOqTN7kyvQ,2022-08-12 20:31:20 UTC
ASeH6mkW43M,2022-08-12 15:19:44 UTC
W6Ystx4YOrw,2022-08-12 15:17:32 UTC
O9bqJRExWx4,2022-08-12 05:14:21 UTC
 -jTHTRvdhGE,2022-08-12 04:33:05 UTC
A5soZOEgsks,2022-08-12 03:49:41 UTC
uGYmQTyYmiM,2022-08-12 01:59:09 UTC
imIW41AmclY,2022-08-12 01:55:19 UTC
4yv2fUOMJxY,2022-08-11 09:29:37 UTC
Q4NC4E5RXik,2022-08-11 07:49:55 UTC
1nVEIuAxyQU,2022-08-11 07:44:32 UTC
5vHpKrsRl7U,2022-08-11 05:51:49 UTC
KUiziPAtTGU,2022-08-11 05:47:05 UTC
J5oZ80Daduc,2022-08-11 05:07:55 UTC
4jWgnsQSP_k,2022-08-11 03:32:25 UTC
PPXq8FdGR1I,2022-08-11 03:24:08 UTC
XF1MK5EjVjs,2022-08-10 23:41:37 UTC
VLfPHkkhcEc,2022-08-10 23:39:48 UTC
xB7HPxdBOdw,2022-08-10 23:38:09 UTC
dWuEO37HOXk,2022-08-10 23:20:05 UTC
Hi3GzlMtUDc,2022-08-10 18:18:59 UTC
0XrTTVJ0DPo,2022-08-10 14:30:23 UTC
wzqHB7bYGtE,2022-08-10 14:09:33 UTC
j1PHnRs74D0,2022-08-10 13:10:56 UTC
iX0q1MufBMU,2022-08-10 13:09:55 UTC
kPlpreIyKoM,2022-08-10 12:56:22 UTC
I-XeGnNZMiI,2022-08-10 12:54:27 UTC
0effdxyFGQI,2022-08-10 12:38:08 UTC
en-PWwRrrQw,2022-08-10 08:26:09 UTC
DCFsDa7cr7w,2022-08-10 08:21:14 UTC
5m382kG9Hh0,2022-08-10 08:18:53 UTC
LTjlDTZ24HQ,2022-08-10 08:18:12 UTC
O8be1QEdGUs,2022-08-10 08:16:31 UTC
9aOO5JL_sA4,2022-08-10 08:14:22 UTC
dr0I8FvoIhc,2022-08-10 08:11:51 UTC
uOnjYaZ9M2g,2022-08-10 07:16:16 UTC
kBn6xMQJnu8,2022-08-10 02:50:24 UTC
0YIGqj8Jel8,2022-08-09 11:23:49 UTC
x_rhZj6mqW0,2022-08-09 09:07:43 UTC
8Ur3YLhceAE,2022-08-06 23:04:26 UTC
2qdSO9kbzwM,2022-08-06 21:22:37 UTC
ONN2QnHaMtU,2022-08-06 16:00:11 UTC
VFgC-kDCCHI,2022-08-06 15:09:49 UTC
VOeIQ5Y0vmo,2022-08-06 15:06:25 UTC
IyDjJgUsiRs,2022-08-06 12:06:36 UTC
j_WF48esgwU,2022-08-06 06:18:12 UTC
puK4XrxBJkM,2022-08-06 06:14:02 UTC
1hAyDYM-B2c,2022-08-06 06:13:47 UTC
RtdgYV9FXBU,2022-08-06 06:13:04 UTC
Vr3YHsIh4nQ,2022-08-06 06:12:09 UTC
SjuVnrR70lk,2022-08-06 01:34:58 UTC
T5oVgqIbOqw,2022-08-05 08:21:25 UTC
30lV2FMXOzw,2022-08-05 03:04:19 UTC
29d3QCtq1mQ,2022-08-05 02:44:52 UTC
3r8QA5maPtg,2022-08-05 02:42:51 UTC
JTr0tK2Xd-o,2022-08-04 08:55:06 UTC
tkNh8-YE6Fk,2022-08-03 20:40:45 UTC
78b-n9082OM,2022-08-03 18:13:10 UTC
gmeGu83qX6U,2022-08-03 18:02:34 UTC
q-b4RmrOWp0,2022-08-03 08:51:47 UTC
jkW5uz4o__A,2022-08-03 05:55:16 UTC
bqrNZW5H7kc,2022-08-02 22:08:32 UTC
14ZtNIFPqZA,2022-08-02 21:29:22 UTC
nd7oOr-RfHg,2022-08-02 11:21:24 UTC
cVV2A_ssPuE,2022-08-02 11:18:57 UTC
MzYD56hKF-8,2022-08-02 02:07:32 UTC
lTpUJxXPhnI,2022-08-01 23:35:09 UTC
l4ImL0Rblk8,2022-08-01 23:33:09 UTC
DGYGRtnYX0c,2022-08-01 23:32:22 UTC
ctsWdUaHsHM,2022-08-01 23:31:53 UTC
yHYpGL-gS8g,2022-08-01 17:50:58 UTC
zlk9tBJrOZY,2022-08-01 17:26:05 UTC
mw0Eck9ZuoY,2022-08-01 14:12:59 UTC
Aed6v2j7MUU,2022-08-01 14:12:14 UTC
NcF4ACIH-vk,2022-08-01 14:11:57 UTC
6tbEYbcpFAU,2022-08-01 14:10:02 UTC
RWzU5tULMJc,2022-08-01 14:07:59 UTC
uInlzHEXZ4I,2022-08-01 14:07:28 UTC
GyXox1QuzCQ,2022-08-01 14:07:13 UTC
cCK3dVW0oss,2022-08-01 14:04:10 UTC
ecIPWwqu0Xc,2022-08-01 14:03:26 UTC
7T-GsgzTcHQ,2022-08-01 14:02:59 UTC
YNmIIGnKrwM,2022-08-01 14:01:55 UTC
EJHsvS3BhgY,2022-08-01 14:00:31 UTC
d2U05MuOgN4,2022-08-01 14:00:12 UTC
knbXhMQpQqY,2022-08-01 13:59:36 UTC
ihT3zmmjeRc,2022-08-01 13:50:51 UTC
QrkePCjF-bg,2022-08-01 07:02:40 UTC
4scpOyvgblI,2022-08-01 06:10:10 UTC
FkexskCsDc0,2022-08-01 02:25:45 UTC
wFhO9hl4h9k,2022-07-31 21:47:03 UTC
ek41rZvrqIY,2022-07-31 21:46:41 UTC
p63SGT2Z1nk,2022-07-31 20:00:24 UTC
uRQ8SkdBeYc,2022-07-31 19:29:34 UTC
gFxyXiUbIW0,2022-07-31 13:45:31 UTC
Gjt3r7xOnKw,2022-07-31 13:35:42 UTC
VPVQmmzxRhU,2022-07-31 13:34:46 UTC
BcHciz6eeeI,2022-07-31 13:27:56 UTC
RnvwcGLWybI,2022-07-31 13:19:14 UTC
ek41rZvrqIY,2022-07-31 12:57:10 UTC
nfNN6TtboGI,2022-07-31 04:37:58 UTC
HL-JSszz4VI,2022-07-29 12:56:18 UTC
abVbzJHHnis,2022-07-29 12:52:16 UTC
5-vBgVYQeYw,2022-07-29 12:48:22 UTC
 -KoTfvaaiFc,2022-07-29 12:41:46 UTC
DHIRo-0BA6Y,2022-07-29 04:29:13 UTC
VP_bP4DD-74,2022-07-29 04:25:06 UTC
fcpj1j31jWc,2022-07-29 04:22:16 UTC
zwhgJddXi9Y,2022-07-29 04:20:08 UTC
0I1tW_S3JMg,2022-07-29 02:33:09 UTC
Jzb1E16r164,2022-07-29 02:26:03 UTC
Y7-QSftsy5w,2022-07-29 02:23:49 UTC
Xtufk3kbd6g,2022-07-29 02:15:48 UTC
C0nzGkLNKK8,2022-07-28 23:22:11 UTC
NpxvLr2fnvI,2022-07-28 23:10:09 UTC
JiYiXly0Jl0,2022-07-28 22:10:54 UTC
4_bLVXuiZVI,2022-07-28 21:20:49 UTC
bsj3m6l4PRY,2022-07-28 21:11:41 UTC
6ruHDWSNvB8,2022-07-28 21:11:04 UTC
OBy-iN9iMDk,2022-07-28 20:55:55 UTC
jIN-ACs_Fos,2022-07-28 17:32:27 UTC
myBNR9H3vWI,2022-07-28 10:54:36 UTC
hD9ESQ4Y8Bc,2022-07-28 10:52:21 UTC
rmCXZ8ECRdE,2022-07-28 09:12:46 UTC
hd7cyVzgwdw,2022-07-28 00:27:34 UTC
Ka1ejuV0nMM,2022-07-27 05:48:00 UTC
tVtuqba4Wpg,2022-07-27 04:46:42 UTC
M5wYxijvGoo,2022-07-27 04:40:05 UTC
Hr7BZr-QAXU,2022-07-27 04:05:32 UTC
slUJ-SeTN34,2022-07-27 04:02:45 UTC
Lb92FtFTlVI,2022-07-27 03:45:35 UTC
MqQ0OCYKGGA,2022-07-27 02:58:16 UTC
ESZur_6aZUM,2022-07-27 02:57:31 UTC
fXt6eYXDHHE,2022-07-27 02:50:19 UTC
BSmkkUsaNlQ,2022-07-27 00:39:42 UTC
BCV20QhbGFE,2022-07-26 21:09:39 UTC
_NJANgHwUBE,2022-07-26 20:27:41 UTC
SP1Ehgi2Z70,2022-07-26 19:56:31 UTC
hb5MSJcBb9o,2022-07-26 13:47:30 UTC
rO2L9Q06CTE,2022-07-26 13:40:29 UTC
Nz4Dx-NvJ6E,2022-07-26 08:49:28 UTC
6ExvOmkmya4,2022-07-26 08:03:02 UTC
cu8tUCvBN34,2022-07-26 05:14:09 UTC
wb-XMqS01jU,2022-07-25 16:51:41 UTC
Eyiw0sukdRY,2022-07-25 08:50:46 UTC
hnToDKeYpGc,2022-07-22 17:43:19 UTC
9cxKJMUu_SQ,2022-07-22 14:10:13 UTC
cu8tUCvBN34,2022-07-22 13:18:04 UTC
NfOl_XtXHLU,2022-07-22 12:56:26 UTC
4HtPc9jzFuU,2022-07-22 12:38:42 UTC
23cgNPAZ_1Q,2022-07-22 11:31:26 UTC
LoK8eTqHzak,2022-07-22 11:19:00 UTC
4glVJKfs1Zg,2022-07-22 11:10:58 UTC
fa8veDOssuA,2022-07-22 07:41:05 UTC
qBNT-HRXNwQ,2022-07-22 04:53:03 UTC
LTrU0mTXC2I,2022-07-22 00:35:09 UTC
sdwdmqXnm-k,2022-07-22 00:06:08 UTC
sAFGL1Hul3Y,2022-07-21 21:03:47 UTC
tuSiKJBH67w,2022-07-21 20:15:39 UTC
CclQ1tGmGws,2022-07-21 18:40:13 UTC
blH0BY-MQvY,2022-07-21 15:57:52 UTC
2QxzWdMjI4A,2022-07-21 10:10:07 UTC
i159MnXEIlA,2022-07-21 10:05:24 UTC
doHAonRI48Q,2022-07-21 09:43:06 UTC
goDoaOqcC7o,2022-07-21 09:41:48 UTC
CBcJ3krU3Wc,2022-07-21 08:25:35 UTC
tj8vzloRKQ0,2022-07-21 08:07:34 UTC
5cOiHIV8I3Q,2022-07-20 17:14:49 UTC
mVY3sGpqCJE,2022-07-20 17:12:41 UTC
JfpvfCI7oW4,2022-07-20 16:51:20 UTC
6g3xwhh99-c,2022-07-20 16:38:01 UTC
3JWDFXlec3w,2022-07-20 15:24:26 UTC
LbEYHiij3pw,2022-07-20 15:18:32 UTC
TujHbwyCQIE,2022-07-20 15:14:46 UTC
nNHncf3SfyU,2022-07-20 13:59:00 UTC
GjYNG8NWeic,2022-07-20 07:16:31 UTC
Q0FAad6FMQE,2022-07-20 06:52:05 UTC
jE06KHpU7Z4,2022-07-20 06:44:58 UTC
SKwQroAkYdk,2022-07-20 05:10:40 UTC
YgqrnvyDvWI,2022-07-20 02:42:25 UTC
IS22ihwnqr8,2022-07-19 20:14:31 UTC
bfv_XR3PG8Y,2022-07-19 19:06:26 UTC
3sW1Thw1V4k,2022-07-19 17:14:20 UTC
eopmU1XV5a8,2022-07-19 16:36:07 UTC
2ilhJ2daShQ,2022-07-19 16:33:27 UTC
PYz_GlMeQng,2022-07-19 14:56:33 UTC
z2x4Uy8K_1A,2022-07-19 05:16:10 UTC
iKumXTfSFRw,2022-07-18 15:52:37 UTC
FIDTah3SvCU,2022-07-18 15:34:42 UTC
XEkDsUrmFC4,2022-07-18 14:17:34 UTC
YA--mL3SpzU,2022-07-18 14:11:22 UTC
ycJ5-1JGqPI,2022-07-18 05:38:03 UTC
 -ychq-sx8VI,2022-07-17 09:17:11 UTC
oukCBBYyhAk,2022-07-17 01:45:14 UTC
mx2W5k6Wmms,2022-07-17 00:28:58 UTC
UMhfulZu8r8,2022-07-16 23:03:59 UTC
uiknhtq9mRc,2022-07-16 21:00:10 UTC
1XDnKdtUqCw,2022-07-16 19:18:59 UTC
YmSDDslA__M,2022-07-16 15:35:54 UTC
kKQPi36RZ_g,2022-07-16 08:46:16 UTC
Sy2MqQ_uNIY,2022-07-16 04:02:18 UTC
1nfnkx6FYJ8,2022-07-16 03:40:53 UTC
iXF-HRP1KBI,2022-07-16 02:40:21 UTC
xtbW6Z-eFmU,2022-07-16 02:11:48 UTC
1Fo97Fi25eA,2022-07-16 01:34:16 UTC
5g3sD7tOKb4,2022-07-15 22:02:13 UTC
wG0j-tc3zkw,2022-07-15 21:29:23 UTC
QfXKKLqpVi4,2022-07-15 20:43:49 UTC
qkSPBZoZSjI,2022-07-15 20:40:07 UTC
vDPkMvUAgqo,2022-07-15 20:22:05 UTC
1-02V4SCcls,2022-07-15 20:18:49 UTC
2MAI2j3MpfI,2022-07-15 19:44:14 UTC
N_k0CF1VnNg,2022-07-15 16:15:38 UTC
IGpAQng_7ao,2022-07-15 16:05:38 UTC
jqNxc4yGVlY,2022-07-15 15:19:30 UTC
5nRbS1zoyqA,2022-07-14 07:19:13 UTC
IgJvaDsOmH8,2022-07-14 07:18:13 UTC
5DP7YT-Snrc,2022-07-14 07:17:04 UTC
SZiDFL4eSwQ,2022-07-14 06:45:24 UTC
368_IfY4M24,2022-07-14 05:04:46 UTC
scjNtUWZ-Tg,2022-07-14 04:52:01 UTC
N46Lk8PmM3I,2022-07-13 05:43:07 UTC
wTzh0NKIOkE,2022-07-13 05:41:46 UTC
TOzG8iSOsws,2022-07-13 00:19:12 UTC
YzxFgwuvvwk,2022-07-12 19:41:09 UTC
ltkSAkX8_rI,2022-07-12 06:25:41 UTC
qNvtO0TtGBs,2022-07-11 22:29:38 UTC
 -boz_X-Zsak,2022-07-11 20:39:03 UTC
fOTBnqpNymE,2022-07-11 19:54:19 UTC
40p1OEBuPYE,2022-07-11 19:53:15 UTC
y7LBUQN6iAc,2022-07-11 19:52:56 UTC
jj1d33lGNCQ,2022-07-10 05:07:51 UTC
n9QHAWsSutU,2022-07-09 08:06:22 UTC
SMvwFa0WzMk,2022-07-08 06:22:41 UTC
Po1ei8rb2x8,2022-07-08 06:13:13 UTC
kcT2GqU47Kc,2022-07-08 06:06:06 UTC
FwImKYGCSxI,2022-07-08 05:52:17 UTC
e4BPzwc8W88,2022-07-08 05:07:26 UTC
3Ea3t9dw4wA,2022-07-08 00:19:45 UTC
hlWzAHB2Fd0,2022-07-07 10:53:35 UTC
CysUWPTQdIg,2022-07-07 10:51:00 UTC
7GILHopoxC8,2022-07-07 10:12:24 UTC
HN44bTffrhA,2022-07-07 08:42:04 UTC
UUrGuzYMs5k,2022-07-07 06:10:24 UTC
SPn0g-Fe598,2022-07-07 05:24:08 UTC
DEKB56q9SPY,2022-07-07 05:23:29 UTC
Z8LS6OmoJN4,2022-07-07 05:22:51 UTC
CpQtkv-eulg,2022-07-07 01:36:02 UTC
M8WB6KGNGJA,2022-07-07 01:17:46 UTC
S39zZg0j8YQ,2022-07-06 04:01:50 UTC
zuN5KQudSS4,2022-07-06 02:37:14 UTC
yu2ov_0Qd2w,2022-07-06 01:59:16 UTC
mr-rYidfgqw,2022-07-05 17:26:47 UTC
SKOr-hr_Wto,2022-07-05 17:20:39 UTC
D1ZYhVpdXbQ,2022-07-03 04:20:05 UTC
 -Fs3UcO_JhU,2022-07-03 04:00:30 UTC
F3lhv4McnxU,2022-07-03 04:00:12 UTC
TJSIMhNACpc,2022-07-02 16:44:25 UTC
MOvUENRCJg4,2022-07-02 02:09:42 UTC
O9zkGfyH6u8,2022-07-01 17:49:23 UTC
Uizkj0dUhcs,2022-07-01 13:55:56 UTC
eU33YV1h5us,2022-07-01 13:38:39 UTC
DAtgVw5y1Vo,2022-07-01 13:26:30 UTC
WK3Z9jxaB9g,2022-06-29 20:31:45 UTC
FH1BiCKCEGA,2022-06-29 20:28:06 UTC
iU3kC-QEHew,2022-06-29 20:27:24 UTC
qjxKxsH_Kk0,2022-06-29 20:27:15 UTC
X6EbVwOumlE,2022-06-29 20:27:03 UTC
obTwBcID0MY,2022-06-28 20:43:42 UTC
dslDo3Bi7qY,2022-06-28 20:42:41 UTC
kInyoCPyFb0,2022-06-28 07:29:49 UTC
Q7mWn3Z7ySk,2022-06-28 05:49:28 UTC
lYbJmDzRH68,2022-06-28 03:28:52 UTC
uXL3TnEUp9E,2022-06-26 03:28:35 UTC
wlU13Y7Oe9o,2022-06-25 23:32:30 UTC
Akxz5j33icU,2022-06-25 23:00:11 UTC
tiTu6g2TqC8,2022-06-25 19:47:38 UTC
2PZ5-y1G7z8,2022-06-25 01:11:44 UTC
R8K4vkBP2GY,2022-06-25 00:25:10 UTC
knkuJU66x_M,2022-06-24 22:22:14 UTC
ffhMSnO3gU0,2022-06-24 19:14:34 UTC
b9xBAtCsCTQ,2022-06-24 17:30:00 UTC
oDLU3e34G1o,2022-06-24 17:29:40 UTC
JaKTnzfCOGQ,2022-06-22 04:12:59 UTC
cnvv89Nd2pg,2022-06-22 04:06:01 UTC
CSu86-1BruE,2022-06-22 04:01:07 UTC
lz8wjnRKHfU,2022-06-22 03:48:53 UTC
TerWx9fe5yo,2022-06-22 03:46:56 UTC
WxcxAYjDmsk,2022-06-22 00:46:32 UTC
9gagAQDiYMc,2022-06-22 00:45:51 UTC
txkonqKPZpQ,2022-06-21 18:55:14 UTC
j_3YoeLz7Rc,2022-06-21 17:05:16 UTC
KCtkGdA9CD0,2022-06-21 10:19:38 UTC
PbMwyIVNGMg,2022-06-21 08:26:21 UTC
8HVL2Ep8Vdo,2022-06-20 21:45:53 UTC
hIJO2vZi4TQ,2022-06-20 21:42:39 UTC
NlpygQMhObw,2022-06-20 08:29:05 UTC
Syw-YXuKufQ,2022-06-18 19:49:05 UTC
ddNZTR1BFgc,2022-06-18 19:48:51 UTC
75lpAiAbwEE,2022-06-18 18:45:27 UTC
Ocbxeu7EobQ,2022-06-18 10:54:46 UTC
0cB2CDy469w,2022-06-18 04:01:03 UTC
9HinHSUrZ7o,2022-06-17 18:29:13 UTC
uenaA6djuzQ,2022-06-17 08:05:43 UTC
NbgAHpD4W_8,2022-06-17 08:04:25 UTC
Ob3h1jumJFw,2022-06-17 07:24:44 UTC
dYrctWr9zv0,2022-06-17 03:29:35 UTC
rRF5D68e44Q,2022-06-16 05:33:43 UTC
j2fbOAyNOpM,2022-06-16 05:20:33 UTC
XUtrm0ge5xw,2022-06-16 05:18:15 UTC
tXnvFRN9MXo,2022-06-16 05:15:53 UTC
V-840mB5Q7U,2022-06-15 18:36:22 UTC
DWQUiSPVybk,2022-06-15 14:39:28 UTC
FvOWOfeBG6M,2022-06-15 14:26:06 UTC
Dqw5x69lnOE,2022-06-15 14:25:43 UTC
32FwFATEk4s,2022-06-15 13:48:26 UTC
URIwWtwn6qA,2022-06-15 13:30:20 UTC
0rAzg7Fuuh0,2022-06-15 13:29:02 UTC
5fms_rSB99c,2022-06-15 13:18:21 UTC
hnslf8G7OqM,2022-06-15 13:12:10 UTC
glbnrYF_0ck,2022-06-15 05:33:27 UTC
J_kiMeYKJbY,2022-06-15 05:28:11 UTC
MlfRgqbZCTA,2022-06-15 04:20:39 UTC
EhACD-PwNv4,2022-06-15 04:18:27 UTC
-203Pw8z_jA,2022-06-15 04:14:18 UTC
qeRsvW03uAA,2022-06-15 03:30:57 UTC
oHNuJ_LoVX8,2022-06-14 17:50:25 UTC
TH-_bsCwdRw,2022-06-14 14:51:31 UTC
zwuMRRnlpa8,2022-06-14 14:31:12 UTC
WLT55kPIFCo,2022-06-14 13:59:47 UTC
JqCwQ9clHec,2022-06-14 13:57:30 UTC
vXcU7h3uVlg,2022-06-14 13:43:22 UTC
XwJMpQiqCm4,2022-06-14 13:42:22 UTC
V3WH4gF84fU,2022-06-14 13:22:08 UTC
eX8Kw1bH2m4,2022-06-14 12:42:03 UTC
z479vnQxq8o,2022-06-14 12:39:50 UTC
jx9egnlxBRk,2022-06-14 12:37:29 UTC
tpJKZB3gdVY,2022-06-14 12:34:24 UTC
W-DKyTrnVuo,2022-06-14 06:51:49 UTC
Y9gFNzhLuT0,2022-06-14 02:32:42 UTC
UBS4Gi1y_nc,2022-06-14 01:47:44 UTC
G0DZwz2k3VU,2022-06-14 00:29:55 UTC
 -izhWEOaaJo,2022-06-12 02:16:31 UTC
y0-eBuOLTlo,2022-06-12 02:13:43 UTC
OO9wpvVJJMA,2022-06-12 02:01:37 UTC
b5W4OnPRyVw,2022-06-12 02:01:16 UTC
jH4KtG9ybwc,2022-06-12 01:46:30 UTC
JhLxK2xGqqo,2022-06-11 15:41:35 UTC
Bmi-_oT2kF8,2022-06-11 15:16:46 UTC
0sBj1zriqVA,2022-06-09 19:37:09 UTC
1dvzO4wyudM,2022-06-09 17:51:15 UTC
5dZlr5KLdYY,2022-06-09 07:10:10 UTC
GHNSk77TUHU,2022-06-09 07:05:31 UTC
6Tg1MKyGTKs,2022-06-09 06:22:37 UTC
VijCE-3YvL8,2022-06-09 03:35:18 UTC
MC1TkipqZrM,2022-06-09 03:33:46 UTC
anrVBfmFmeE,2022-06-09 00:28:10 UTC
WvEvhWkFh0I,2022-06-08 23:19:08 UTC
qBV9XVUk6WQ,2022-06-08 22:02:13 UTC
If0YQpGk_8g,2022-06-08 13:34:22 UTC
OPfO97EpLRk,2022-06-07 20:15:33 UTC
LR9msTsmpZs,2022-06-07 20:14:14 UTC
GIgbwUesBtc,2022-06-07 09:53:11 UTC
zIcneBWjhSg,2022-06-07 09:49:56 UTC
0Cwag_m3gcI,2022-06-07 09:44:39 UTC
Xe-yeQgT4F0,2022-06-07 09:37:31 UTC
N99h06Pm9oU,2022-06-07 09:36:42 UTC
MDhsb52L5wU,2022-06-07 02:38:13 UTC
8TiYgOOLat8,2022-06-07 02:36:59 UTC
xOlr6e4N6BU,2022-06-07 00:26:04 UTC
FgnE25-kvyk,2022-06-06 22:42:38 UTC
CXL6JOyOh1Y,2022-06-06 14:21:10 UTC
FQiRkgdPMI8,2022-06-06 14:18:59 UTC
Zq_BMKBpQNc,2022-06-06 14:14:30 UTC
QQvpfTJHUWc,2022-06-06 14:06:47 UTC
pMk0vdFjRa0,2022-06-06 13:29:59 UTC
RZkIAVGlfWk,2022-06-06 01:48:44 UTC
y-UIknVuZug,2022-06-04 13:11:47 UTC
68d0dK918gE,2022-06-04 04:15:19 UTC
BPNczb288NE,2022-06-04 02:09:53 UTC
0FqCqwaoXVg,2022-06-03 15:31:24 UTC
aWqf17mUyoQ,2022-06-03 13:50:55 UTC
WXcfIegR-F8,2022-06-02 16:25:52 UTC
G4IKfWokFKQ,2022-06-02 15:42:41 UTC
qOGl0frz0Os,2022-06-02 14:10:27 UTC
JPYGRfzfBew,2022-06-01 12:20:40 UTC
ZJrADgNqZ44,2022-06-01 08:31:28 UTC
Fm_4XTyBBCM,2022-05-31 16:47:58 UTC
xCJGl4pRv8s,2022-05-31 15:55:08 UTC
JQG3zZ8gxU4,2022-05-31 15:26:07 UTC
S-wtOJR0kF8,2022-05-31 14:09:11 UTC
Cudt9I955Wo,2022-05-31 13:59:46 UTC
TGZ0LCWtwyQ,2022-05-31 13:27:50 UTC
TGZ0LCWtwyQ,2022-05-31 13:23:43 UTC
qsrihPxrw0c,2022-05-31 00:32:20 UTC
qsrihPxrw0c,2022-05-31 00:31:54 UTC
FHTeuV2E1q8,2022-05-29 10:10:32 UTC
6vSKvhK24dM,2022-05-29 07:44:13 UTC
1k_OLrK4ZuE,2022-05-28 12:57:28 UTC
VC1QitfkbZI,2022-05-28 02:45:27 UTC
ybPbExXo2Ek,2022-05-27 18:59:05 UTC
HHpmcpxL-q8,2022-05-26 14:49:16 UTC
Yr58qxStkrU,2022-05-26 14:09:15 UTC
L5HnIu0j4z8,2022-05-21 16:44:39 UTC
cWhv_D8zxjk,2022-05-21 12:09:25 UTC
NmI_ALcEGUw,2022-05-20 10:21:45 UTC
96lBZpBl9k0,2022-05-20 04:50:45 UTC
k5OjIjfiLI8,2022-05-19 18:57:11 UTC
EseMHr6VEM0,2022-05-17 19:33:38 UTC
o2Tz1yV48NQ,2022-05-17 19:32:09 UTC
WqrusoQ6xVM,2022-05-17 19:31:42 UTC
QP73569coeo,2022-05-17 19:30:17 UTC
Cwsd4Cy2QNs,2022-05-16 06:59:49 UTC
HXCuYRkxdgM,2022-05-14 10:18:08 UTC
ea2XXiChIRg,2022-05-14 08:24:59 UTC
TYNGcGDMSpM,2022-05-13 04:15:59 UTC
8QsmQPmiaSw,2022-05-12 11:35:26 UTC
ERhGncBLvsU,2022-05-12 05:50:40 UTC
wVCnwqvJ054,2022-05-12 02:15:47 UTC
Z2RabQkDivk,2022-05-12 02:07:40 UTC
W4W9AUMx4IY,2022-05-11 20:14:42 UTC
So1BFp4_WUU,2022-05-11 17:55:36 UTC
QyZPt7GqNA8,2022-05-11 17:17:56 UTC
kGgEroiMBCY,2022-05-11 17:15:13 UTC
x8j1x3pTOyo,2022-05-10 20:47:46 UTC
j9GxGyVMjVE,2022-05-09 23:36:48 UTC
 -BHVFh5lZrA,2022-05-09 03:30:16 UTC
Ya4224mtSGI,2022-05-09 03:20:53 UTC
kG3MlvQ779s,2022-05-08 07:13:00 UTC
UwyaL-DECrg,2022-05-08 05:38:39 UTC
1102_A_q0xQ,2022-05-08 05:38:02 UTC
60EOjHEzQpE,2022-05-08 05:37:51 UTC
w8nfte2IcEY,2022-05-08 04:41:00 UTC
NEmjhYmrxjQ,2022-05-05 03:03:42 UTC
Ce5qmAj9XX4,2022-05-04 03:11:17 UTC
S3xkpDdQFaE,2022-05-04 03:06:38 UTC
SxPGI57l-xI,2022-05-04 03:05:24 UTC
JnGU8ygonSE,2022-05-04 00:42:38 UTC
MB8emQ8b9YA,2022-05-03 22:29:46 UTC
8TiYgOOLat8,2022-05-03 13:53:06 UTC
7EgQcERjrtc,2022-05-03 09:54:17 UTC
XeMnMqyScQM,2022-05-03 09:53:08 UTC
kOTGCq9QZpY,2022-05-03 09:52:12 UTC
AqoBSija18Q,2022-05-02 14:13:42 UTC
ZXg76dwQh3Y,2022-05-02 13:01:04 UTC
fj4kb8EJBAc,2022-05-02 11:47:33 UTC
fj4kb8EJBAc,2022-05-02 11:41:45 UTC
lnVEj5H0rpU,2022-04-30 03:06:35 UTC
a_Tm8-HzuxM,2022-04-29 12:31:32 UTC
w1sYpYICl6U,2022-04-29 12:27:46 UTC
16orf8cK7Pw,2022-04-29 11:49:37 UTC
DucSvb7dFx4,2022-04-29 11:48:56 UTC
C05QAFuMiTc,2022-04-29 11:48:17 UTC
C05QAFuMiTc,2022-04-29 11:47:36 UTC
Dorvncp9W1Q,2022-04-27 07:42:30 UTC
YpU_0Z0c6DU,2022-04-27 06:58:51 UTC
p-m35l5Vtxs,2022-04-27 06:57:39 UTC
Hd-i_-MZaYc,2022-04-27 06:56:40 UTC
vLIEc7GleJA,2022-04-27 06:46:12 UTC
I2G9EETp6I4,2022-04-26 06:14:42 UTC
mu6GMUMx8OA,2022-04-26 05:51:13 UTC
4fEAKka2s0U,2022-04-26 05:30:21 UTC
znLFgtkrGzU,2022-04-26 04:56:50 UTC
 -OO_hcyBjCs,2022-04-23 17:41:26 UTC
rBUfkwdr-lw,2022-04-23 14:15:11 UTC
VY97JWlPDYc,2022-04-23 07:18:56 UTC
8OcKBa9QYaI,2022-04-23 03:12:20 UTC
j-T8vVXUW2k,2022-04-23 03:06:55 UTC
 -pob1sW4AjY,2022-04-22 20:40:48 UTC
4FzFu-ze8pA,2022-04-22 20:40:19 UTC
rGeeziFMVKg,2022-04-20 04:58:23 UTC
hlxt7QlCI_c,2022-04-20 04:57:27 UTC
Q0fapc4cuug,2022-04-20 04:54:47 UTC
xiu-hULQuNo,2022-04-18 23:07:42 UTC
NSkvLT6t0v4,2022-04-18 22:10:28 UTC
QgnxDaRdK90,2022-04-18 20:03:46 UTC
GW9dKV2kGPM,2022-04-18 20:02:13 UTC
_oY1sLF28zw,2022-04-18 08:00:06 UTC
amGl9Qmgu7E,2022-04-18 07:59:33 UTC
Z_x5vxLevHw,2022-04-18 07:12:01 UTC
SfYw_WmNp-s,2022-04-17 19:52:19 UTC
P-kgyPEhKm8,2022-04-17 04:55:04 UTC
PsP-DTWmTjg,2022-04-17 04:53:16 UTC
udWpPRra6L8,2022-04-17 02:45:54 UTC
pWBtEccqMTU,2022-04-17 02:45:14 UTC
EyGslKalCRM,2022-04-17 01:38:39 UTC
AiheRknyf7E,2022-04-16 08:07:24 UTC
fIKmN2_S6KA,2022-04-16 05:49:39 UTC
fIKmN2_S6KA,2022-04-16 05:39:23 UTC
vFpRHw6lxUs,2022-04-16 01:36:36 UTC
PFVLXShXFFs,2022-04-16 00:44:42 UTC
xSDCz0b_Q5c,2022-04-15 23:18:33 UTC
srhAmIgvL54,2022-04-15 23:03:22 UTC
5EYLrws2_s0,2022-04-15 22:49:32 UTC
KVq9bQXHGyc,2022-04-15 22:37:30 UTC
mVUpKIFHqZk,2022-04-15 20:07:04 UTC
TCSDBxs6l28,2022-04-15 20:04:28 UTC
HTdFV52zmjs,2022-04-15 19:28:01 UTC
6oVaIuMI0II,2022-04-15 13:26:23 UTC
toFRq6J0YLg,2022-04-15 07:58:25 UTC
pXa-Zms5uIQ,2022-04-15 07:34:36 UTC
lXCYni_d1Nw,2022-04-15 07:34:06 UTC
Z39KxbbtCC0,2022-04-15 07:30:52 UTC
Z39KxbbtCC0,2022-04-15 07:29:48 UTC
DL9SGXY_8QQ,2022-04-15 02:50:07 UTC
sySlY1XKlhM,2022-04-15 02:44:47 UTC
x5L6FPNcnDU,2022-04-15 02:43:45 UTC
eBiFSH2fgek,2022-04-15 02:41:36 UTC
c3vW9_HfrKU,2022-04-15 02:19:22 UTC
N4OJCYm9Wdo,2022-04-15 02:18:28 UTC
dtd9Qnv_Km8,2022-04-15 02:12:49 UTC
E3PLgN8uR-k,2022-04-15 00:45:41 UTC
CsoYyDlYU8M,2022-04-14 23:55:41 UTC
e6F24wA7HAw,2022-04-14 23:53:57 UTC
lab7cPXeWvg,2022-04-14 23:52:53 UTC
6h03OKL4kaQ,2022-04-14 23:47:01 UTC
nZgtaKJ018Y,2022-04-14 22:00:38 UTC
Qb5WmEXumS4,2022-04-14 21:59:41 UTC
NdhMTtiC_vQ,2022-04-14 16:20:44 UTC
K_YuQrl62LI,2022-04-14 16:05:01 UTC
K_YuQrl62LI,2022-04-14 16:02:28 UTC
_fQgA1Vk4us,2022-04-14 14:49:17 UTC
3DUh-hfR6po,2022-04-14 12:56:46 UTC
3DUh-hfR6po,2022-04-14 12:55:58 UTC
JuPeG11rnEc,2022-04-14 09:11:29 UTC
WyvVKRDjOiw,2022-04-14 05:50:36 UTC
H9694K85Xc8,2022-04-14 05:28:51 UTC
wyb-0egSq4c,2022-04-14 00:58:14 UTC
PBd4CWNPJ-I,2022-04-13 19:30:16 UTC
uUyBkJfU6OI,2022-04-13 18:48:38 UTC
0nyIo66KA2Q,2022-04-13 14:04:31 UTC
IA88AS6Wy_4,2022-04-13 14:03:57 UTC
iJETtWr47PY,2022-04-13 14:03:25 UTC
N7Xw3Ns5vz4,2022-04-13 11:11:27 UTC
0nyIo66KA2Q,2022-04-13 11:09:48 UTC
IA88AS6Wy_4,2022-04-13 11:09:22 UTC
OPhkZW_jwc0,2022-04-13 11:09:05 UTC
iJETtWr47PY,2022-04-13 11:08:45 UTC
FyIwF1ZTXZA,2022-04-10 23:04:27 UTC
U_yxtaeFuEQ,2022-04-10 22:08:42 UTC
CcziwUf6C84,2022-04-10 19:44:56 UTC
JXFOVQsJYEs,2022-04-10 19:42:27 UTC
cWXNSlZU0Us,2022-04-10 19:32:41 UTC
rRhmogBs-gU,2022-04-10 19:28:33 UTC
Ioc9shJa_lI,2022-04-10 19:25:58 UTC
t936rzOt3Zc,2022-04-10 19:18:32 UTC
t936rzOt3Zc,2022-04-10 19:17:33 UTC
6vGX-B9Jo2U,2022-04-10 08:31:17 UTC
66dZicHl0zM,2022-04-10 05:49:00 UTC
lD-QnTZ6ePo,2022-04-10 03:01:30 UTC
VkngzIO1cJg,2022-04-10 02:59:36 UTC
ZGI1STuRUSY,2022-04-10 01:13:01 UTC
67BDe4u2DVU,2022-04-10 01:07:02 UTC
m4-I1w4_GB8,2022-04-10 00:49:48 UTC
369ef6C1a4w,2022-04-09 22:02:12 UTC
ODoXd3U9agc,2022-04-09 17:11:03 UTC
QtjeKSZcvDI,2022-04-09 17:06:07 UTC
q0MpwTEkzqQ,2022-04-09 16:40:50 UTC
KLFB3Jn43-s,2022-04-09 13:48:42 UTC
KLFB3Jn43-s,2022-04-09 13:47:08 UTC
sG7Ryc2rP20,2022-04-08 22:20:44 UTC
6U8HBmZrg_U,2022-04-08 19:29:53 UTC
AR8D2yqgQ1U,2022-04-08 14:12:12 UTC
MvvOivBdpnQ,2022-04-08 04:07:09 UTC
LXLUpMdhpZY,2022-04-08 03:52:29 UTC
MztcU9XWzC0,2022-04-07 10:43:57 UTC
66pYt2vFyAQ,2022-04-06 05:43:41 UTC
Tm1VFimhi60,2022-04-05 14:07:46 UTC
fk_xDw5qAus,2022-04-05 14:06:44 UTC
od5M5g42SSs,2022-04-05 03:21:31 UTC
4YojyJ15250,2022-04-04 07:41:39 UTC
rf0dR2H7vRc,2022-04-03 07:01:25 UTC
OF82mvlHgRc,2022-04-03 00:52:07 UTC
IvypZfSTsvo,2022-04-02 22:48:55 UTC
aPoIVCJdTKc,2022-04-02 22:48:07 UTC
uSQzUx3QW2Y,2022-04-02 16:06:12 UTC
mP2eZ0MuFcc,2022-04-02 16:04:39 UTC
_WRDHDKdXUg,2022-04-02 13:53:19 UTC
dt3niTpcXfU,2022-04-02 07:21:25 UTC
KXP84ijiLbg,2022-04-02 00:58:03 UTC
tNqUIrI-LUE,2022-04-01 13:53:05 UTC
wMSKBT_jxb4,2022-04-01 10:46:44 UTC
zJs6buijfvA,2022-04-01 07:34:50 UTC
QdN5TIQfOEA,2022-04-01 01:30:42 UTC
FDRsEJIxUnQ,2022-03-31 08:27:56 UTC
HpXiSea35Fg,2022-03-31 08:26:57 UTC
uUG5fYLSC8w,2022-03-31 08:15:43 UTC
TaseO6UftBg,2022-03-31 07:59:19 UTC
wHwB6WES1e0,2022-03-31 07:56:51 UTC
5_olp3sPZao,2022-03-30 18:53:38 UTC
7JNsNb15Dc8,2022-03-30 18:49:59 UTC
GsdxcjAfLWQ,2022-03-30 18:26:29 UTC
HFz1RbQg9gE,2022-03-30 16:22:37 UTC
z7rxl5KsPjs,2022-03-30 16:03:10 UTC
kCmAfFw6wEE,2022-03-30 09:52:40 UTC
XiMP2stb0B8,2022-03-30 05:18:57 UTC
8o3IoueVJ0E,2022-03-29 12:05:35 UTC
f_A_wgu5YD4,2022-03-29 11:33:58 UTC
fg5_yGjR2zA,2022-03-29 04:34:40 UTC
lnIXSwlmZfs,2022-03-29 04:33:21 UTC
3LdOXaluKyg,2022-03-29 04:09:24 UTC
3LdOXaluKyg,2022-03-29 04:08:49 UTC
w1xBwWm46ug,2022-03-29 00:28:01 UTC
Qu84tD5UhiM,2022-03-29 00:27:47 UTC
6bpaFxOJcLU,2022-03-29 00:27:34 UTC
onw7IOXj6HU,2022-03-28 21:06:49 UTC
itGzQb-Rc8k,2022-03-28 16:33:24 UTC
J_NelA3ZW4g,2022-03-28 12:05:01 UTC
8SH-0fA6Ss8,2022-03-28 04:46:43 UTC
p2AiQgnylrE,2022-03-28 04:28:21 UTC
FD-qBqhUhJU,2022-03-28 04:24:49 UTC
IQXcJWfsvGI,2022-03-28 04:24:11 UTC
BvsfdKr3JyY,2022-03-28 03:46:13 UTC
cR4Mmj8b8_U,2022-03-28 02:00:31 UTC
xr0AtK6y2eY,2022-03-27 23:32:56 UTC
VRpAkjyHrPM,2022-03-27 23:26:05 UTC
CbJXgktzkRU,2022-03-27 23:22:44 UTC
hVzJUtdFd-s,2022-03-27 23:19:29 UTC
gSviood-t34,2022-03-27 21:14:20 UTC
2zczriUBRA0,2022-03-27 02:25:39 UTC
PaUg2d3ICqY,2022-03-27 01:45:27 UTC
Zw7MqRcMmUA,2022-03-26 22:21:31 UTC
NZCmdwRzyy4,2022-03-26 18:32:39 UTC
uEhgwTFyqk4,2022-03-26 18:28:33 UTC
OpRmxd-k7vU,2022-03-25 05:37:20 UTC
7ZYgKCbFbWY,2022-03-25 05:36:29 UTC
_XLzfbSeKJ4,2022-03-25 03:58:47 UTC
73CSB08Y3is,2022-03-25 03:47:18 UTC
QPROkOaqE_4,2022-03-25 03:40:43 UTC
7nGhILrN0R4,2022-03-25 00:03:04 UTC
XjTcKP7JwfY,2022-03-24 23:50:56 UTC
L3LLQ3HN0bA,2022-03-24 23:47:55 UTC
AP4JzfozXG0,2022-03-24 23:06:11 UTC
CxC11gtMTN8,2022-03-24 15:56:16 UTC
p65o8v8j57Q,2022-03-24 15:46:38 UTC
oxCIwKA9RIA,2022-03-24 15:27:21 UTC
nTcecN-jjzo,2022-03-24 15:26:21 UTC
gWFSOT0KT6g,2022-03-24 14:08:38 UTC
MfoI7dCwfXM,2022-03-24 13:24:55 UTC
Eltf42H1gLc,2022-03-24 13:18:19 UTC
oVZUI6SAAdI,2022-03-24 13:02:11 UTC
yF11IyXCNC0,2022-03-24 12:58:06 UTC
4NDL_jOVXes,2022-03-24 10:14:44 UTC
T-w-536da4c,2022-03-24 07:58:47 UTC
q2KiIl7MmyM,2022-03-24 07:18:53 UTC
oNXQllVEtdo,2022-03-24 06:36:04 UTC
cuwPyspG5Wg,2022-03-23 13:14:24 UTC
ElynwYiL6O8,2022-03-23 12:52:51 UTC
j3q7bT0v9IE,2022-03-20 07:18:33 UTC
h1Faj9aKuGI,2022-03-20 05:32:18 UTC
j4dYKvIcbwE,2022-03-20 05:21:07 UTC
qZx-Z3_n4t8,2022-03-20 04:33:02 UTC
qZx-Z3_n4t8,2022-03-20 04:31:26 UTC
38zRx9AYDHQ,2022-03-20 04:11:58 UTC
o-6swMu76m8,2022-03-20 03:05:31 UTC
s_GTfl8Hhc8,2022-03-19 22:30:37 UTC
9hNiX0BEAsM,2022-03-19 22:28:22 UTC
M5r8u7h8y0E,2022-03-19 22:28:15 UTC
1w1P1VK9jGs,2022-03-19 22:27:59 UTC
9SF3Q1lPu0I,2022-03-19 22:26:55 UTC
WkrjkN6o-u4,2022-03-19 22:22:44 UTC
WkrjkN6o-u4,2022-03-19 22:21:49 UTC
HxnQ1vv_CW8,2022-03-19 21:02:24 UTC
dWuEO37HOXk,2022-03-19 19:05:16 UTC
qm4rvI84Yfg,2022-03-19 18:13:29 UTC
qCfms6C0zNQ,2022-03-19 17:40:40 UTC
CIC2SFfqgsE,2022-03-19 17:37:08 UTC
EKe9ybFDQ1A,2022-03-19 17:33:24 UTC
vjgDhfpNSdc,2022-03-19 17:06:44 UTC
YGn8Oi6x7LQ,2022-03-19 17:02:11 UTC
kGCeHiA8F0I,2022-03-19 11:01:15 UTC
A23T6JfRA_Q,2022-03-19 10:12:57 UTC
mMiLZm4q--g,2022-03-19 10:09:58 UTC
50ZQ6brrYng,2022-03-18 17:05:16 UTC
J9hBP54gHZ8,2022-03-18 17:03:21 UTC
 -DdPJhUUkTk,2022-03-17 05:34:26 UTC
eyKe7Z3xm-M,2022-03-17 00:37:44 UTC
Cc5nmkRJ8ek,2022-03-17 00:34:48 UTC
qB4qF7x_m7E,2022-03-16 22:52:44 UTC
Ce3OERuCY0E,2022-03-16 22:51:37 UTC
HDHPgqv4hsw,2022-03-16 17:51:47 UTC
sK4dz6Gbcdk,2022-03-16 16:35:04 UTC
5HgqPpjIH5c,2022-03-16 16:30:15 UTC
g-UYRbNRdi4,2022-03-16 11:04:38 UTC
UQO89bUYNnU,2022-03-16 10:21:40 UTC
A4cGTzvPfvs,2022-03-15 04:51:46 UTC
amR6-neQBPE,2022-03-15 03:19:56 UTC
O02bC8sppWA,2022-03-15 03:15:30 UTC
p554R-Jq43A,2022-03-15 03:05:45 UTC
sQHw1GAmECk,2022-03-15 03:04:59 UTC
Y-1_caICO1w,2022-03-15 03:04:34 UTC
2w1Q8ZkXZ1Q,2022-03-15 03:02:42 UTC
T-ImfsQFJ9g,2022-03-15 02:37:30 UTC
cAQSZhazYk8,2022-03-15 02:36:37 UTC
7YvAYIJSSZY,2022-03-15 02:34:14 UTC
rgc_LRjlbTU,2022-03-15 02:30:47 UTC
EXmABxvHTG4,2022-03-15 02:26:01 UTC
 -hCH0kpJghs,2022-03-15 01:17:56 UTC
oyUKTxeIGLU,2022-03-15 01:16:28 UTC
L0r7CdN8kK0,2022-03-15 01:13:56 UTC
rRD-d-_EzIc,2022-03-15 01:10:18 UTC
rRD-d-_EzIc,2022-03-15 01:09:53 UTC
pDZGG3pSp8Y,2022-03-15 01:07:48 UTC
pDZGG3pSp8Y,2022-03-15 01:04:07 UTC
MbKA2ATtRzA,2022-03-14 21:21:58 UTC
BnHhZ8jLOz8,2022-03-14 19:35:07 UTC
s-Ey_7bBlYc,2022-03-14 19:08:22 UTC
MBdj6xvSSEc,2022-03-14 15:43:13 UTC
dZANKFxrcKU,2022-03-14 14:09:34 UTC
KpwD6Ohzp0Y,2022-03-14 13:13:59 UTC
lP4qhYl7kBg,2022-03-14 13:12:14 UTC
0goUuk_TZ44,2022-03-14 12:57:32 UTC
7kqQdLZRQb8,2022-03-14 11:46:25 UTC
MBEZ3uiSlAc,2022-03-14 11:36:53 UTC
FMrFfle7ZF4,2022-03-14 11:24:23 UTC
4EuuKGQ869s,2022-03-14 10:18:04 UTC
NadFx3ZCUbg,2022-03-14 10:10:25 UTC
eXjzvJYMgQg,2022-03-14 08:27:08 UTC
spHBTyagfZ4,2022-03-13 22:43:48 UTC
RE1-JVN4L9E,2022-03-13 19:15:24 UTC
FSdsF_D1W8g,2022-03-13 09:00:45 UTC
MoSGVi153po,2022-03-13 08:59:36 UTC
fmRCZQ2vID4,2022-03-12 11:36:47 UTC
gmWpudUVkdY,2022-03-12 11:27:37 UTC
74qLWSI2XEg,2022-03-12 11:16:31 UTC
mhhFhUY1FAU,2022-03-12 09:54:16 UTC
Tl4Bd6XhqFg,2022-03-12 09:27:02 UTC
iP0tHmoc1rs,2022-03-12 06:38:21 UTC
xHa6a3FtPJg,2022-03-12 06:32:26 UTC
Rari2l9nHNE,2022-03-12 06:29:39 UTC
PocEXLotC3U,2022-03-12 04:32:03 UTC
RMRqFZpodOo,2022-03-12 01:37:16 UTC
TuJumff-SPc,2022-03-11 13:01:44 UTC
Ex9F-nfg2wE,2022-03-11 12:44:45 UTC
b32jOouL5vU,2022-03-11 05:06:21 UTC
Q-uO8D1rM1Q,2022-03-11 04:50:48 UTC
3X9LvC9WkkQ,2022-03-11 03:27:49 UTC
U8ZU8I2aH8Q,2022-03-11 01:13:56 UTC
Hh9NsQ8hEIk,2022-03-10 08:34:40 UTC
koqOEd10GdI,2022-03-10 08:13:15 UTC
1v1CFv-iuwE,2022-03-10 07:48:17 UTC
_mD4x7YRKfw,2022-03-10 00:58:34 UTC
sf5NkdJpNXo,2022-03-09 23:07:14 UTC
iiChxN0T2kA,2022-03-09 21:40:55 UTC
d4AmYBhGBfM,2022-03-09 10:39:58 UTC
n1scluzlPz0,2022-03-09 04:58:43 UTC
t_TD0vp0Tss,2022-03-09 04:57:23 UTC
EmqPOwQVbCM,2022-03-09 04:40:05 UTC
zND73W9olP0,2022-03-09 04:22:29 UTC
OSGFg7gWpjs,2022-03-06 08:18:27 UTC
9idfQVkqKyw,2022-03-06 08:13:57 UTC
_G3AitE7OHI,2022-03-05 20:17:06 UTC
UHE4UTFDlL0,2022-03-04 08:52:41 UTC
wnlFJCGttx8,2022-03-04 05:21:21 UTC
wnlFJCGttx8,2022-03-04 05:21:17 UTC
gQGxRLh3mkM,2022-03-04 05:09:32 UTC
oeMCEwMl1G4,2022-03-03 15:20:54 UTC
qEdU2vg0Hac,2022-03-03 15:03:01 UTC
cun4NSsM5d0,2022-03-03 14:57:46 UTC
l9kzIrrQ6H0,2022-03-03 14:49:22 UTC
6VQRnXip1lw,2022-03-03 14:47:36 UTC
uwK2TdyKV8U,2022-03-03 14:43:50 UTC
F31XfJW2CnE,2022-03-03 09:46:35 UTC
zhLfKdd_Hzw,2022-03-03 09:09:26 UTC
YtphY-4xjQw,2022-03-03 04:44:23 UTC
tyRVj3VRahc,2022-03-03 03:11:06 UTC
b67_5G2r1T4,2022-03-03 02:10:37 UTC
OdYIS0eGYLA,2022-03-03 02:07:48 UTC
5cLZBeQEqq8,2022-03-02 22:44:04 UTC
anh59_Q212A,2022-03-02 09:51:45 UTC
4E7XHOotTX0,2022-03-02 05:32:38 UTC
Gb5sbORA62w,2022-03-02 02:45:47 UTC
AtVGICYRTZ0,2022-03-02 01:12:52 UTC
6U6mNAXtCOk,2022-03-01 23:10:16 UTC
KnIPXneHTi8,2022-03-01 21:06:50 UTC
TNINebDTscs,2022-03-01 20:14:20 UTC
vpaPWuDQUcc,2022-03-01 16:58:11 UTC
prOjE8gyRL8,2022-03-01 07:40:59 UTC
H2aeEvIu-Mc,2022-03-01 00:19:45 UTC
XMrdhgWR9Zk,2022-02-28 19:18:37 UTC
JZ9zpf47p9o,2022-02-28 07:19:27 UTC
Ol81vSVjopI,2022-02-28 07:19:17 UTC
gsX-aEXO2OA,2022-02-28 06:49:29 UTC
rF2mJniRwCA,2022-02-28 04:00:16 UTC
VLC9oJBHxkI,2022-02-28 03:58:28 UTC
wkAnau-XU80,2022-02-28 03:58:03 UTC
1cna3NOUODg,2022-02-25 21:47:38 UTC
tZctu0cQhQQ,2022-02-25 19:56:52 UTC
j4MSDDa_GOk,2022-02-25 19:55:15 UTC
nxsBQCjsT9g,2022-02-25 00:39:36 UTC
ZOC7Pf1XY54,2022-02-24 22:01:51 UTC
8Oc0B6pkl4A,2022-02-24 21:59:51 UTC
zZ6dWoQut_0,2022-02-24 04:26:33 UTC
ijOO94XOsb8,2022-02-24 04:04:58 UTC
6PPhWWL-Pl0,2022-02-24 03:37:20 UTC
I6I2_FK5DDg,2022-02-23 23:35:27 UTC
TE_2oat3sNA,2022-02-23 22:32:48 UTC
QcADCoV8Bt8,2022-02-23 06:07:13 UTC
j4JCeeSaDKs,2022-02-20 05:27:50 UTC
e0LatdqMWf4,2022-02-19 19:53:19 UTC
4P54EycMh-Q,2022-02-19 19:47:47 UTC
UvU9qgP8aA4,2022-02-19 19:44:52 UTC
sqO-n9s1g-w,2022-02-19 07:54:27 UTC
gtB85XWCQpk,2022-02-19 07:46:39 UTC
DNU0PPdPP4o,2022-02-19 05:39:58 UTC
ExJobLMtEOI,2022-02-19 05:33:42 UTC
JX5NC9cQKSQ,2022-02-18 21:21:23 UTC
Dv3HPfTS1jA,2022-02-18 19:07:58 UTC
2Cd6osM-fa8,2022-02-18 18:54:45 UTC
xsOwumN3utE,2022-02-18 16:44:05 UTC
3tQs6l4d8hM,2022-02-18 06:37:22 UTC
iloZdjxH4FU,2022-02-18 06:30:21 UTC
01WITv50s6A,2022-02-18 04:08:43 UTC
HN4Fv39Zm9g,2022-02-18 00:28:21 UTC
pJPbtLt0g1c,2022-02-17 16:42:35 UTC
FItu9x58Ro8,2022-02-17 16:37:14 UTC
SBacb2sFdbU,2022-02-17 05:50:43 UTC
wtXx_4bWgYg,2022-02-17 05:48:02 UTC
GL4exhfaun8,2022-02-17 05:44:05 UTC
mDroNcn49Zc,2022-02-17 05:37:55 UTC
q47EltFPHUU,2022-02-16 06:27:07 UTC
_TPAySIthMo,2022-02-16 06:25:47 UTC
Ms6kC-3yq0k,2022-02-16 06:17:49 UTC
Ms6kC-3yq0k,2022-02-16 06:16:17 UTC
uPOmn1YOaaA,2022-02-16 02:30:30 UTC
MDvWcORyp58,2022-02-16 02:22:58 UTC
RhO5OSLZjl8,2022-02-16 01:28:33 UTC
 -xBAcu2aDSI,2022-02-15 14:47:17 UTC
haxnvx6SHIo,2022-02-15 13:44:53 UTC
qkh8IjqlpxQ,2022-02-15 13:44:25 UTC
EjwdhbA28s8,2022-02-15 13:20:09 UTC
VBEwP95zNGk,2022-02-15 11:36:21 UTC
uphf1rrFe0M,2022-02-15 08:54:49 UTC
QNRxHyZDU-Q,2022-02-15 08:18:27 UTC
b44-5M4e9nI,2022-02-15 08:12:36 UTC
8F1a3LoDJGg,2022-02-15 08:12:00 UTC
b0FpMjsBerY,2022-02-15 08:07:57 UTC
3nSEMJW7UqE,2022-02-15 08:03:15 UTC
tF5kr251BRs,2022-02-15 07:56:16 UTC
QLowEiWmYMs,2022-02-15 07:33:13 UTC
2olBE4C5_Gk,2022-02-15 07:07:22 UTC
_HPVAte2O7o,2022-02-15 03:21:06 UTC
WEXdCdElCSg,2022-02-15 01:41:48 UTC
mqy98hcMV9w,2022-02-15 01:37:45 UTC
Ezu4J1exOTI,2022-02-14 20:04:51 UTC
gN7XTqIMQ_Y,2022-02-14 20:01:31 UTC
6U2oSL1gFCs,2022-02-14 16:00:01 UTC
KQBoeBgb0uk,2022-02-14 02:24:27 UTC
e4Qm4L6pKI4,2022-02-10 19:09:05 UTC
gkJE8bDTzPc,2022-02-10 14:31:47 UTC
kKBlxRQ8CCU,2022-02-10 14:31:09 UTC
KXO9eO5ZxYc,2022-02-10 14:25:03 UTC
FT36za3Gyos,2022-02-10 14:04:12 UTC
9IhmroynRtc,2022-02-10 13:48:44 UTC
fBlUi34zxHU,2022-02-10 13:46:01 UTC
-7jjo8UICjQ,2022-02-10 09:38:57 UTC
6VPy85Pv8NE,2022-02-10 08:21:35 UTC
Y6KZplf-Jwg,2022-02-10 08:20:43 UTC
fHOYnHiAcic,2022-02-10 08:12:31 UTC
cMOKamtpUA8,2022-02-10 04:55:57 UTC
qbAab1hTxN4,2022-02-10 04:55:27 UTC
0AvuweztG4Q,2022-02-10 04:55:04 UTC
d0LeL9BUPtA,2022-02-10 04:51:02 UTC
Tc1J7y4xIdA,2022-02-10 04:50:47 UTC
gOK3rqVgN2I,2022-02-10 04:42:43 UTC
giEnkiRHJ9Y,2022-02-10 04:18:38 UTC
b_0sWwK53BQ,2022-02-10 04:13:52 UTC
5DwJm9eIcx0,2022-02-10 04:08:54 UTC
upIexEwu_Qc,2022-02-10 03:53:21 UTC
rzA76vCbLcA,2022-02-10 03:48:25 UTC
XCwUGwCJw0g,2022-02-10 01:19:54 UTC
9ZqghCSu3vc,2022-02-09 22:15:01 UTC
qO8yfBLNVjU,2022-02-09 19:02:26 UTC
JlpLsk6lo1k,2022-02-09 14:35:29 UTC
ji6Xx24Oc4s,2022-02-09 11:52:10 UTC
d94lDBndEiA,2022-02-09 01:07:23 UTC
o3msi5AmAJg,2022-02-09 01:02:45 UTC
80OZsET14fg,2022-02-08 20:50:04 UTC
LaQTpFIM6_s,2022-02-08 16:40:01 UTC
eoDVTvCwEgY,2022-02-08 14:27:35 UTC
enJ6be4qLMs,2022-02-06 01:44:39 UTC
U8U_4UdyQUE,2022-02-05 07:37:30 UTC
4-LwbiQA-g8,2022-02-05 05:37:16 UTC
QPzqHToMf7U,2022-02-04 07:22:34 UTC
Mz79smd1dkE,2022-02-03 10:56:02 UTC
IqqBcLcdhJM,2022-02-01 11:14:52 UTC
daP2N1JPv3s,2022-01-31 08:32:00 UTC
Q7UdUrHAero,2022-01-31 06:51:40 UTC
ldQpRMegYc0,2022-01-31 06:41:19 UTC
yfa6hC5_iSc,2022-01-30 08:23:36 UTC
GLA72sr-1qY,2022-01-30 08:23:26 UTC
HLBDFXX23ao,2022-01-30 07:53:45 UTC
zLeB4ztGSsY,2022-01-30 00:52:29 UTC
Y5U2E9CPYtg,2022-01-28 04:49:51 UTC
swxBQ1NCf7A,2022-01-28 01:46:50 UTC
GrDHCxXF318,2022-01-27 22:39:51 UTC
LHlodYsovHs,2022-01-27 17:39:27 UTC
UhkC85HfRoE,2022-01-27 11:58:14 UTC
YR5USHu6D6U,2022-01-27 06:37:36 UTC
6wEDTT1akTE,2022-01-26 22:29:47 UTC
K7xKRWXMVuc,2022-01-26 21:08:13 UTC
yWZeomzkCaU,2022-01-26 03:11:54 UTC
hKEAtdGGh80,2022-01-26 00:32:09 UTC
4opMOOt-J6o,2022-01-25 22:51:33 UTC
7_MZxAy8xoE,2022-01-25 20:34:40 UTC
SxRNV8_OCIo,2022-01-24 21:46:00 UTC
iloZdjxH4FU,2022-01-24 21:39:57 UTC
WiW7o8HWG3Q,2022-01-22 03:10:45 UTC
TcR6-dI5sVs,2022-01-22 02:45:04 UTC
bStsA4DK0bs,2022-01-21 07:52:07 UTC
09BJyzWUesw,2022-01-20 03:27:06 UTC
uK3Fk-TycNk,2022-01-20 03:12:52 UTC
kIeD6VeDEUA,2022-01-20 01:18:58 UTC
nH4T7hQ1w9M,2022-01-19 05:12:31 UTC
NlxlGd5QfRU,2022-01-19 03:37:43 UTC
YU50Pi87uNg,2022-01-18 19:42:34 UTC
XatVOukxxtE,2022-01-18 17:45:23 UTC
it-CT0J308Q,2022-01-18 17:40:44 UTC
r30D3SW4OVw,2022-01-13 09:26:44 UTC
xNP-lEwErrc,2022-01-11 05:24:22 UTC
Sk3-1UTU6QQ,2022-01-10 06:19:31 UTC
F2wbMg71ue4,2022-01-09 22:29:01 UTC
syFKO4ou8sw,2022-01-08 20:45:02 UTC
Ub1Q6ReS9qU,2022-01-04 21:33:44 UTC
f9Xvv-a5K1w,2022-01-04 08:19:10 UTC
SIl7T9KsfMI,2022-01-04 01:58:44 UTC
VC6pki1KG3o,2022-01-04 01:45:45 UTC
d414nPNQJkE,2022-01-02 23:02:10 UTC
UbkqE4fpvdI,2022-01-02 04:03:51 UTC
6aGcWCodLc4,2022-01-01 03:22:01 UTC
u60H_vx0Z4E,2022-01-01 02:48:13 UTC
QqEZjhctHXs,2021-12-31 01:48:12 UTC
VeFtdq8cEZM,2021-12-31 01:32:19 UTC
KkfseX_pB5U,2021-12-31 01:04:50 UTC
s_num0eZIQ8,2021-12-30 06:45:09 UTC
__C9aVdTYdU,2021-12-29 05:34:54 UTC
eFHdRkeEnpM,2021-12-25 04:00:25 UTC
eFHdRkeEnpM,2021-12-25 03:59:41 UTC
N1wuLrUOuag,2021-12-24 22:44:16 UTC
i56xzNLvQDQ,2021-12-24 22:38:55 UTC
i56xzNLvQDQ,2021-12-24 22:38:41 UTC
oik__Y8yqkg,2021-12-24 18:44:37 UTC
rkXQXAvMICs,2021-12-24 18:28:49 UTC
UTjDYS5OGi8,2021-12-24 10:38:31 UTC
OxedhXzshUw,2021-12-24 03:49:20 UTC
BWReGCOFCGo,2021-12-23 23:59:58 UTC
 -jvUFIVdR-Y,2021-12-21 01:37:24 UTC
Vzko5rB-wxc,2021-12-20 20:23:50 UTC
PrJEdmiOpZ4,2021-12-17 02:14:34 UTC
60PGG1Miwr4,2021-12-16 03:23:09 UTC
kl1LP81eSKY,2021-12-16 02:40:36 UTC
Mz6EijdvyFw,2021-12-16 02:34:49 UTC
tT6oolJjp8Q,2021-12-16 02:33:51 UTC
VYtOzXLGtNc,2021-12-16 02:09:46 UTC
bjXG9Y495Us,2021-12-15 23:33:49 UTC
n_m_phg02RE,2021-12-13 22:31:04 UTC
44P7pr8CNUc,2021-12-12 04:53:01 UTC
qPx-8uWSLuQ,2021-12-11 20:35:37 UTC
zckTyYeWT6g,2021-12-11 20:33:19 UTC
uco5FNbjqv0,2021-12-11 19:06:31 UTC
lAbkNjr2BpA,2021-12-11 16:40:35 UTC
mcAZZP7wYUI,2021-12-11 07:53:26 UTC
RPUpxWFbAjI,2021-12-11 06:27:54 UTC
IGUAChyue2I,2021-12-10 16:50:05 UTC
bDWSemTCV40,2021-12-10 16:04:08 UTC
h4rmDzRdsq8,2021-12-10 14:42:43 UTC
MhRi6GRDsg8,2021-12-10 14:41:36 UTC
SuKcF1UzLTk,2021-12-09 21:42:32 UTC
u2qkw21z5Rg,2021-12-09 17:54:41 UTC
Z0IpzsF8HK4,2021-12-09 08:46:34 UTC
OB1-dR3Ar1Q,2021-12-08 06:25:54 UTC
lUFKfjGPpbo,2021-12-01 06:20:02 UTC
I_WhqfBouPw,2021-12-01 06:16:46 UTC
t-wXB-kZBq0,2021-12-01 05:36:42 UTC
Udyqd40Xiek,2021-12-01 05:28:15 UTC
dzUD4zRCmzE,2021-11-30 20:17:50 UTC
Eg1511u7i1Y,2021-11-28 06:44:13 UTC
MztQxUVkElI,2021-11-28 02:53:57 UTC
Xs2H5Dsz9nE,2021-11-27 10:00:14 UTC
qG3UQuEE5aA,2021-11-27 08:44:15 UTC
AZ_OSvPMuG0,2021-11-25 04:48:14 UTC
 -tSofoFukC4,2021-11-23 23:34:14 UTC
 -oI2eonMVqs,2021-11-21 07:50:52 UTC
goS4yan1AGM,2021-11-18 10:44:37 UTC
QmR4zLcORNc,2021-11-15 22:53:05 UTC
GND7sPNwWko,2021-11-15 18:31:45 UTC
bNPsMe7u74o,2021-11-15 18:26:03 UTC
UJ-5PEBhi2c,2021-11-13 20:32:49 UTC
PIrw6v68zQs,2021-11-13 20:23:47 UTC
hGnBlhgNlp8,2021-11-13 20:16:12 UTC
hxsYrfKf_pc,2021-11-13 19:47:39 UTC
WAEU9q1kLvk,2021-11-12 06:13:41 UTC
ZxGiEoczryg,2021-11-12 01:23:46 UTC
iAlg7cIqMe8,2021-11-11 06:52:24 UTC
Qxqq5vahHKk,2021-11-10 02:31:47 UTC
EhuxUVizq-8,2021-11-10 02:28:47 UTC
bz_W5TjjQ2w,2021-11-07 04:02:29 UTC
0vOCHpRq0h4,2021-11-07 03:39:49 UTC
YYbzS4CwfxY,2021-11-07 00:33:28 UTC
RhcgpWqeb4I,2021-11-06 23:30:50 UTC
ShB_HI6F1f4,2021-11-06 21:46:51 UTC
IsAPnsBP1-U,2021-11-06 18:09:26 UTC
ohjiE42oHZc,2021-11-05 20:18:16 UTC
JSzweS8a6ck,2021-11-05 20:00:25 UTC
5waOheqeqYk,2021-11-05 04:47:20 UTC
u4IAnSdtbNY,2021-10-30 18:57:24 UTC
fRzzwVGE7J0,2021-10-30 18:55:27 UTC
T1fQZg2oVno,2021-10-30 08:56:10 UTC
qxB2Vf1Js0U,2021-10-29 05:01:35 UTC
W77vwPasDz0,2021-10-29 04:58:54 UTC
s3ljNJCt5DA,2021-10-28 20:03:52 UTC
j34wOGuFW9o,2021-10-28 17:00:53 UTC
8hddFBlV_Uw,2021-10-28 02:02:26 UTC
ZfBg7N-sf9A,2021-10-27 23:27:53 UTC
Gmj8CJP1dtA,2021-10-27 21:53:11 UTC
Q7YDEmbI4q8,2021-10-27 09:36:39 UTC
FwrP-gUdhH0,2021-10-26 19:35:20 UTC
Iyxu2Rf46xI,2021-10-26 03:34:28 UTC
9tqQg-RB4Yg,2021-10-23 05:31:50 UTC
Q8jSt9crx4s,2021-10-23 05:14:51 UTC
QUnN10ApaQk,2021-10-23 03:45:23 UTC
QUnN10ApaQk,2021-10-23 03:45:11 UTC
0SoFXbQacWQ,2021-10-22 01:05:58 UTC
c2vCpT1H7u0,2021-10-21 21:54:38 UTC
juligEIi3Sg,2021-10-21 21:50:56 UTC
2ij5DGxYi2k,2021-10-21 21:42:24 UTC
exmEQj3cUTY,2021-10-21 19:25:57 UTC
yDmCp_kgjiA,2021-10-21 07:09:47 UTC
zfiISFiozg8,2021-10-19 21:08:17 UTC
zWf2DFWzKQw,2021-10-19 21:03:55 UTC
nuzr0OFg61A,2021-10-12 20:49:56 UTC
gEdl4PBNGd4,2021-10-12 20:47:36 UTC
AMJFXUC4bVc,2021-10-12 20:45:08 UTC
X6zCjW2fp-Y,2021-10-12 20:42:25 UTC
9fjg7N_mGaU,2021-10-11 23:44:21 UTC
P5YNSNC0Ijw,2021-10-11 19:04:24 UTC
K5EzkOQwAVc,2021-10-11 07:23:33 UTC
2DCPF3lN5X0,2021-10-10 03:26:41 UTC
 -nmmAT4KHbU,2021-10-10 02:34:05 UTC
2yplwTe5IFQ,2021-10-07 21:56:41 UTC
ovImHlwSRVg,2021-10-07 21:54:53 UTC
7kGPhpvqtOc,2021-10-07 21:37:07 UTC
7kGPhpvqtOc,2021-10-07 21:36:41 UTC
oc50wHexbwg,2021-10-07 15:09:16 UTC
EGKLMPsaOl0,2021-10-07 15:05:39 UTC
P5YNSNC0Ijw,2021-10-07 14:18:14 UTC
58bAgVSYV1E,2021-10-07 13:57:40 UTC
5bfE4bo4bTQ,2021-10-07 13:44:28 UTC
6OpnRuooGfw,2021-10-07 13:43:43 UTC
Qfd5srbPUlo,2021-10-07 13:39:56 UTC
hi4XrAF-Yc8,2021-10-07 13:37:59 UTC
hi4XrAF-Yc8,2021-10-07 13:36:49 UTC
fYemukpyiVk,2021-10-07 13:33:49 UTC
BFQPNApwJGU,2021-10-07 13:32:23 UTC
fq2dWTBVZD4,2021-10-07 13:26:33 UTC
y8XVHnNaJOo,2021-10-07 13:23:50 UTC
y8XVHnNaJOo,2021-10-07 13:22:14 UTC
p0mRIhK9seg,2021-10-07 13:19:18 UTC
TlViAids4_g,2021-10-07 13:15:25 UTC
ZiqN-WV0RYw,2021-10-07 13:14:19 UTC
9ZfM8ZYTt0o,2021-10-07 13:09:25 UTC
YNYYRl86R4g,2021-10-07 13:07:57 UTC
suvxVcdRlr8,2021-10-07 04:28:43 UTC
rXXM60niKbg,2021-10-07 04:27:19 UTC
OddgsPyCJmU,2021-10-07 04:26:01 UTC
WOZhB_qC2W4,2021-10-07 03:25:12 UTC
XDIYOiQUi2s,2021-10-05 20:40:17 UTC
SHm3-f3M8Xk,2021-10-05 20:37:29 UTC
7q4D7VAR_28,2021-10-05 20:29:15 UTC
Ujg7xHZ-nrE,2021-10-05 20:25:45 UTC
1tslk2Cdk3U,2021-10-04 00:58:11 UTC
3LY3ftiLqmE,2021-10-03 20:55:14 UTC
Y43XLVqjytQ,2021-10-03 18:12:08 UTC
CMnzfnTZ32w,2021-10-03 18:09:32 UTC
sELxgrgaQUk,2021-10-03 08:25:38 UTC
bJ3rwru0S8Q,2021-10-03 07:15:35 UTC
t4K35LzJ1yg,2021-10-03 07:08:55 UTC
YJGKExzaxwc,2021-10-03 07:08:24 UTC
U7UHmKfUAu8,2021-10-03 02:25:24 UTC
An7XksKTSmk,2021-10-01 06:47:32 UTC
7u5c-Qndqio,2021-10-01 04:48:28 UTC
MaVp1cFERUY,2021-10-01 04:45:52 UTC
ovcnIPL-CWs,2021-10-01 00:30:10 UTC
BVglo7vRskA,2021-10-01 00:23:45 UTC
50YFhxL6efs,2021-09-30 22:45:04 UTC
Vfjc1V8DVMs,2021-09-26 06:31:30 UTC
RDrt-ehF3s8,2021-09-25 05:36:52 UTC
rtHLnDTyA6o,2021-09-25 05:36:21 UTC
YMdd1B9Q1wg,2021-09-22 00:26:20 UTC
IMtx8mizzck,2021-09-19 19:22:59 UTC
u4excbMe8Tc,2021-09-19 07:50:56 UTC
EtYre1GABao,2021-09-18 20:00:13 UTC
mD8TApX3btM,2021-09-18 19:59:43 UTC
EPmTGFg06zA,2021-09-18 19:58:09 UTC
18L7cZ6yXgU,2021-09-18 19:53:27 UTC
AWaXBlUGRWE,2021-09-18 19:40:17 UTC
lkTLWXlobYU,2021-09-18 18:26:24 UTC
aquk_WDbybg,2021-09-18 18:03:08 UTC
Q9PUfJPfuy0,2021-09-18 09:50:53 UTC
zDV_dBYp4h0,2021-09-18 08:25:19 UTC
TgCabfwdhEM,2021-09-18 08:12:32 UTC
V5AztWseIdU,2021-09-18 07:27:31 UTC
w3vWGZgV-N4,2021-09-18 04:57:00 UTC
dhjBEkb02tU,2021-09-15 05:27:48 UTC
mb5_5oErVi8,2021-09-15 05:16:10 UTC
WePGtXOZglo,2021-09-15 00:39:57 UTC
_nBVTqj5ac0,2021-09-14 23:14:15 UTC
walmh8l2n4Q,2021-09-14 20:43:54 UTC
6MucREx-e4Q,2021-09-13 05:15:30 UTC
PGugRv9G9pQ,2021-09-11 09:30:34 UTC
XnBrEn3rkyI,2021-09-11 04:28:55 UTC
peh6JCBoznk,2021-09-11 02:51:32 UTC
BYY1iTyWa54,2021-09-11 02:46:50 UTC
ejzXKp7mgrA,2021-09-10 17:53:21 UTC
7eOvxF9Eup4,2021-09-05 07:36:15 UTC
nmp1Ff7MAHE,2021-09-03 05:11:29 UTC
q0ZrF7taMHA,2021-09-02 06:45:22 UTC
PE1lzqJCeJ0,2021-09-01 19:59:12 UTC
P3A6b5NFrC8,2021-08-24 04:11:33 UTC
e9zU8wX2aTY,2021-08-24 02:59:12 UTC
wfik2eWywxo,2021-08-23 21:35:18 UTC
G_SBPZ_pdv4,2021-08-23 09:44:04 UTC
yc7GHKDqhAo,2021-08-23 06:17:55 UTC
BUzFAV4072g,2021-08-23 06:13:56 UTC
CFOQZbsB5sE,2021-08-22 03:37:19 UTC
FKy6RApTHug,2021-08-22 01:24:17 UTC
q9_fCt1S1hg,2021-08-14 04:00:05 UTC
LhInwkq4nAw,2021-08-13 20:09:29 UTC
a2IY-OywuOw,2021-08-13 19:08:12 UTC
C-gKcjtNhKI,2021-08-13 18:45:11 UTC
lBeiuhb36RY,2021-08-13 18:26:58 UTC
eDw7QxWBw8M,2021-08-13 07:19:03 UTC
CH8gV_zhEQ4,2021-08-11 08:45:19 UTC
zTGTooyhAmA,2021-08-11 08:35:50 UTC
IWZWKEP5jOw,2021-08-05 00:50:59 UTC
2w6XJDDRC1w,2021-08-05 00:40:41 UTC
fWEc6c3OFZQ,2021-08-04 21:22:48 UTC
6Et9wQlHn_g,2021-08-04 18:18:59 UTC
CV6nP8Ppgik,2021-08-04 16:26:45 UTC
84WZrgMpgbw,2021-08-04 07:19:33 UTC
a89B8yi8iAA,2021-08-03 22:36:13 UTC
KjicTXc5SGs,2021-08-03 17:08:56 UTC
EIl0UEwMnCA,2021-08-02 06:28:34 UTC
RbQ9eH5RNGk,2021-08-01 08:56:55 UTC
L4XTJao2iLA,2021-08-01 08:30:11 UTC
ANArGmr74u4,2021-08-01 05:08:34 UTC
zHCWvMt5VCA,2021-08-01 02:20:23 UTC
zTjwHYmOd2w,2021-08-01 02:08:07 UTC
mB7oK8Os1ac,2021-07-31 22:02:38 UTC
BskdmYlXr2E,2021-07-31 22:01:17 UTC
Y_9p_dT3JpM,2021-07-31 11:09:28 UTC
Vy45Cb1K7AI,2021-07-25 08:51:00 UTC
0zhHnf-yTng,2021-07-25 07:21:29 UTC
QGvUfF4k0jw,2021-07-25 06:34:27 UTC
bkt19-VYSRg,2021-07-24 08:01:26 UTC
hzvEVBmDeNU,2021-07-23 05:54:25 UTC
WUwf9GgHFnI,2021-07-23 05:52:25 UTC
l7b7M6BOjiM,2021-07-22 19:36:06 UTC
phBThlPTBEg,2021-07-22 06:15:39 UTC
U-pVz2LTakM,2021-07-22 06:15:12 UTC
3E9tN3vnyf4,2021-07-22 04:40:51 UTC
OWHO8EsB7MQ,2021-07-21 08:42:10 UTC
F70oXOOUv0I,2021-07-20 21:23:18 UTC
Hq_05YpTOcY,2021-07-20 06:43:17 UTC
N1JHqeFxgJs,2021-07-16 20:40:55 UTC
rD_OOV-iWVM,2021-07-15 23:04:33 UTC
EkICI8ynQL4,2021-07-15 22:57:16 UTC
mehWW60OICo,2021-07-15 17:10:05 UTC
llmzJ4VttkA,2021-07-15 07:57:00 UTC
MfyF-jfbUjs,2021-07-15 06:28:13 UTC
lU1WnJt-7yc,2021-07-15 02:27:10 UTC
 -rKVKoC_ba4,2021-07-10 10:37:58 UTC
ECqn8TEhXJA,2021-07-10 10:37:29 UTC
Gxui_G2sidg,2021-07-10 05:23:23 UTC
hLS8gxQRS_8,2021-07-08 23:41:39 UTC
c639hksrUzU,2021-07-06 16:58:49 UTC
ticfaW7Dbro,2021-07-01 04:34:32 UTC
k8AHe2eKI5k,2021-06-30 02:08:58 UTC
iDOl5q7UXfg,2021-06-05 02:35:26 UTC
EMXMbcD37kE,2021-06-02 12:02:22 UTC
6ttJAOgi_pE,2021-06-01 04:44:04 UTC
z2KoIeZE2zM,2021-05-24 06:51:58 UTC
XDqcYhMdE24,2021-05-20 07:40:35 UTC
XyzJtBoIw9s,2021-05-19 18:07:11 UTC
bOlfjkI8XfM,2021-05-19 04:47:01 UTC
b-mGA4V2LK0,2021-05-18 00:55:00 UTC
f5EzLDD1D_Q,2021-05-15 03:17:21 UTC
JxrNA_nWs78,2021-05-11 07:38:34 UTC
OfYsU5lrABI,2021-05-09 06:52:23 UTC
1b9boayDR5w,2021-05-09 06:48:40 UTC
BzOT12iGV4Y,2021-05-03 04:17:54 UTC
VlAkGVMPs-c,2021-04-30 08:29:51 UTC
XFz8lw4bKLw,2021-04-23 19:31:04 UTC
m2k5gEH9D6M,2021-04-23 19:30:55 UTC
7I0vkKy504U,2021-04-19 00:50:46 UTC
WuImwq-SZ5g,2021-04-18 21:23:24 UTC
Xq9iNk_r7N0,2021-04-18 19:10:03 UTC
IfVmFkjsUtc,2021-04-17 05:46:15 UTC
eObdh83zV24,2021-04-17 05:33:11 UTC
8TAlvftvH4s,2021-04-15 04:22:06 UTC
i7UOnWgWfnU,2021-04-15 03:51:08 UTC
dlGxUAtJFPA,2021-04-13 04:21:44 UTC
XL4dcAIWqgA,2021-04-13 04:19:29 UTC
oVXjRnzQ0BU,2021-04-13 04:17:29 UTC
1aWvDsotaM4,2021-04-13 00:40:57 UTC
QMOvyPpyCKs,2021-03-20 08:48:50 UTC
NyL7bzahLps,2021-03-20 08:22:08 UTC
bm0XIfbfKp4,2021-03-18 20:13:12 UTC
sug9oLNW8gw,2021-03-05 00:26:15 UTC
mPymRFeTJa4,2021-03-03 04:51:46 UTC
pDJj7kUixIQ,2021-03-02 04:19:26 UTC
SGJFWirQ3ks,2021-03-02 03:27:37 UTC
vfKhvzUdJoM,2021-03-02 03:20:30 UTC
Pyz4V5X0dJk,2021-03-02 03:19:56 UTC
fu3UHWQ9r7k,2021-02-28 02:37:00 UTC
fb9R_cvwKSU,2021-02-26 03:27:31 UTC
6iZAKT9x1kU,2021-02-21 02:36:50 UTC
Vg1jyL3cr60,2021-02-20 21:51:46 UTC
mxC2-VpIkcg,2021-02-14 03:06:49 UTC
TMn1UuEIVvA,2021-02-13 08:10:41 UTC
nqoAb6SkTZw,2021-01-31 07:50:43 UTC
3OC2aPCuzjo,2021-01-22 01:59:51 UTC
7x91ZFVt0qI,2021-01-22 01:32:17 UTC
_p7K2pnmy00,2021-01-20 16:38:21 UTC
iNnJ544Q2Ow,2021-01-20 05:07:13 UTC
_l09H-3zzgA,2021-01-17 19:57:23 UTC
r5iQzD2Bs5Y,2021-01-17 19:52:39 UTC
NERDZ88SCOg,2021-01-17 03:57:37 UTC
AKkHagHlqD4,2021-01-17 03:52:39 UTC
0G383538qzQ,2021-01-17 01:07:18 UTC
k2cNl0xjoI4,2021-01-16 00:15:38 UTC
B2RyoRG2vs8,2021-01-08 20:31:17 UTC
4Uc0uYIU_gE,2021-01-08 20:10:55 UTC
Ven-pqwk3ec,2021-01-06 14:05:33 UTC
ixnH2MjRaAc,2021-01-05 06:00:31 UTC
5STQLeLIuvo,2021-01-04 00:20:25 UTC
IrcEQ506MY8,2021-01-03 22:52:55 UTC
w4LkSRXrK34,2021-01-02 07:25:28 UTC
7nJRGARveVc,2021-01-02 07:25:07 UTC
m2ABEOVoikg,2021-01-02 05:39:41 UTC
bOhHAaC6B54,2021-01-02 03:13:02 UTC
KAmHrTX1lME,2021-01-02 02:58:30 UTC
zuuObGsB0No,2021-01-02 02:22:20 UTC
CzTDK1elsmQ,2021-01-01 04:23:47 UTC
w2SjaKj5S50,2021-01-01 04:06:55 UTC
U-ODoOHoNyQ,2021-01-01 03:24:32 UTC
Cwt6Va-kUUU,2021-01-01 03:22:36 UTC
MxFOOE8EoUU,2021-01-01 03:20:16 UTC
_-QQI6lb_Hg,2021-01-01 03:19:38 UTC
phCX0E8avxs,2021-01-01 03:19:20 UTC
Xc-2eO8FJzk,2021-01-01 03:18:11 UTC
u_Iu0u9IBxw,2020-12-31 23:57:58 UTC
u4MG_ibE6kk,2020-12-31 23:49:11 UTC
yuTMWgOduFM,2020-12-31 02:40:15 UTC
WDswiT87oo8,2020-12-30 06:33:09 UTC
Nco_kh8xJDs,2020-12-30 06:25:02 UTC
1lyu1KKwC74,2020-12-30 06:21:08 UTC
qT6XCvDUUsU,2020-12-30 06:20:27 UTC
5wrwcEZ3Btw,2020-12-30 06:16:42 UTC
ICjyAe9S54c,2020-12-30 06:14:23 UTC
z3YMxM1_S48,2020-12-30 06:05:11 UTC
0S43IwBF0uM,2020-12-30 06:02:24 UTC
fhzkeFiXfPI,2020-12-30 05:59:56 UTC
wl-eVipq5cE,2020-12-30 05:59:15 UTC
ugrNaOX039A,2020-12-30 05:59:09 UTC
HBEMuP_PtiI,2020-12-30 05:58:53 UTC
QQZXynCCaGA,2020-12-30 05:57:38 UTC
pQa8jASm5IA,2020-12-30 05:56:28 UTC
ClXUlSx65y4,2020-12-30 05:51:50 UTC
f6LuP8Jr_9A,2020-12-30 05:46:10 UTC
R82XGJV_nkU,2020-12-30 05:38:55 UTC
yByP88jUQH4,2020-12-30 05:31:56 UTC
mlYJf6CJXV8,2020-12-30 05:28:33 UTC
M2xZAWgJ8rE,2020-12-30 05:27:26 UTC
dsZiKQ9CEck,2020-12-29 06:01:22 UTC
yYcyacLRPNs,2020-12-29 05:51:35 UTC
G6M7eYx4dEI,2020-12-29 05:26:01 UTC
fekWiU3K_e0,2020-12-29 05:25:31 UTC
Cqdv032mFbg,2020-12-29 05:22:54 UTC
V36g51g3B8U,2020-12-29 05:20:07 UTC
zc5ppYQNQFg,2020-12-29 05:19:59 UTC
Y0zbHmQhKME,2020-12-29 05:18:28 UTC
VteuWD_dIdk,2020-12-29 05:18:15 UTC
QO93p3ZZ8Xw,2020-12-29 05:18:05 UTC
Wl2EA9wpV8o,2020-12-29 05:10:54 UTC
u06fuYE_Kyk,2020-12-29 05:10:46 UTC
p7HJuMH7nS0,2020-12-29 05:10:37 UTC
3bNITQR4Uso,2020-12-29 05:10:31 UTC
H5s40sDP-94,2020-12-29 05:10:04 UTC
GFYutf2VSqI,2020-12-29 05:09:38 UTC
f1qv4yDCvek,2020-12-29 05:09:34 UTC
0L0i6HYJ-EA,2020-12-29 05:09:15 UTC
aqkTa1sPrg4,2020-12-29 05:09:11 UTC
OUvCvNyI700,2020-12-29 05:09:03 UTC
3iPZdvDGJdg,2020-12-29 05:08:59 UTC
BC2dRkm8ATU,2020-12-29 05:08:56 UTC
iZAqaykiS70,2020-12-29 05:08:50 UTC
cYXI344Siew,2020-12-29 05:08:45 UTC
er9q7YA5WyU,2020-12-29 05:08:42 UTC
R7-v1slmarM,2020-12-29 05:08:38 UTC
miQKwn1l7h0,2020-12-29 05:08:29 UTC
IRqkY6tSzOM,2020-12-29 05:08:26 UTC
ouLdo7R0MGY,2020-12-29 05:08:21 UTC
OUfnkKBuB0A,2020-12-29 05:08:15 UTC
Gm1kC6xcRlE,2020-12-29 05:08:11 UTC
PmC9FsfUzy0,2020-12-29 05:08:08 UTC
ARXPPtM9jUo,2020-12-29 05:07:59 UTC
iHCE8SVxbBM,2020-12-29 05:07:45 UTC
ZO7ZWfvCjBE,2020-12-29 05:07:26 UTC
tARFYFQIGaQ,2020-12-29 05:07:21 UTC
eZBcuV1nfVk,2020-12-29 05:07:17 UTC
2pqSKlI3QuU,2020-12-29 05:07:13 UTC
R90kVBcVgE8,2020-12-29 05:07:09 UTC
jqQznao1YXA,2020-12-29 05:07:04 UTC
itVDaqZz2cI,2020-12-29 05:06:49 UTC
I2njMBxlnmM,2020-12-29 05:06:45 UTC
Ki5keBCz8DQ,2020-12-29 05:06:36 UTC
pFkGvVFdx-o,2020-12-29 05:06:29 UTC
eXSYhhtA2bA,2020-12-29 05:06:24 UTC
U3-hRlnL6jQ,2020-12-29 05:06:20 UTC
tW3J9XnBbqk,2020-12-29 05:06:15 UTC
lahD-KvSDQo,2020-12-29 05:06:01 UTC
rY6uRh_FS5Q,2020-12-29 05:03:35 UTC
wwZbonjAlPc,2020-12-29 05:02:58 UTC
2kXMcjKhBgU,2020-12-29 05:02:40 UTC
P8qqqZHRjL4,2020-12-29 05:02:31 UTC
cy46iOwWQiE,2020-12-29 05:02:20 UTC
g_72RkQV25Y,2020-12-29 05:02:07 UTC
wo1OwRTRKRk,2020-12-29 05:02:03 UTC
zRy09dnCUU4,2020-12-29 05:01:54 UTC
C3ofv17vtz0,2020-12-29 05:01:50 UTC
no1vf854aUc,2020-12-29 05:00:58 UTC
rVLyDvQh7k8,2020-12-29 05:00:50 UTC
jiRUH9b33dA,2020-12-29 05:00:44 UTC
G3kUIwJuHh0,2020-12-29 05:00:39 UTC
2YocxcVEbqQ,2020-12-29 05:00:35 UTC
KptOdEYDYRo,2020-12-29 05:00:32 UTC
MCZbjClHc18,2020-12-29 05:00:28 UTC
nGnFF5w5sro,2020-12-29 05:00:21 UTC
BfZBKzaM8AU,2020-12-29 05:00:17 UTC
ya0ICamwuZI,2020-12-29 05:00:14 UTC
1t2BAVzJVL4,2020-12-29 05:00:08 UTC
e4TFD2PfVPw,2020-12-29 05:00:03 UTC
Df6w7k33Wus,2020-12-29 04:59:59 UTC
mkEmnrUzFFE,2020-12-29 04:59:51 UTC
r-zxJhTOapA,2020-12-29 04:59:40 UTC
DtVBCG6ThDk,2020-12-29 04:59:36 UTC
erJHjruJuQQ,2020-12-29 04:59:27 UTC
4zWeh9q_ENU,2020-12-29 04:59:20 UTC
re61B8sKQWk,2020-12-29 04:59:11 UTC
23fYycfSO20,2020-12-29 04:59:06 UTC
jZ_B5cTXSNo,2020-12-29 04:58:55 UTC
6oWf3lQS6dU,2020-12-29 04:58:46 UTC
j7mNDtWc93o,2020-12-29 04:58:40 UTC
LWz0JC7afNQ,2020-12-29 04:58:32 UTC
z0qW9P-uYfM,2020-12-29 04:58:25 UTC
tbKkh5dXcDY,2020-12-29 04:58:20 UTC
QGcAStgi4yw,2020-12-29 04:58:11 UTC
Z_qBmPW-d5M,2020-12-29 04:58:01 UTC
SEdINOqCAwM,2020-12-29 04:57:57 UTC
dwkwjOd7MCU,2020-12-29 04:57:51 UTC
bd1GDyHiICU,2020-12-29 04:57:41 UTC
 -SjfKXPMHLM,2020-12-29 04:57:32 UTC
70QxaHVOLOk,2020-12-29 04:57:27 UTC
TmtaTOo6gFA,2020-12-29 04:57:20 UTC
PY6WIpCD1L4,2020-12-29 04:57:09 UTC
_YpZjRYBDGg,2020-12-29 04:57:04 UTC
xYihzEIChDs,2020-12-29 04:57:00 UTC
LDNBKff6g_E,2020-12-29 04:56:39 UTC
LuN6gs0AJls,2020-12-29 04:56:34 UTC
mcMh6GZoFC8,2020-12-29 04:56:28 UTC
z-mxBDuRaZ8,2020-12-29 04:56:22 UTC
JQ3r6O9Bk6Q,2020-12-29 04:56:12 UTC
-3cO4vgaytU,2020-12-29 04:56:07 UTC
4qLB68zUItI,2020-12-29 04:55:31 UTC
SO-7flJBImM,2020-12-28 16:09:01 UTC
gKOCX5vrazc,2020-12-25 22:46:08 UTC
wojnldBSHzA,2020-12-18 18:13:46 UTC
fY1IXtyyRp0,2020-12-12 17:27:24 UTC
kGxOaDdg2kI,2020-12-12 16:43:39 UTC
unlA3tlvubU,2020-12-10 02:41:18 UTC
YRjKlZiGHQI,2020-12-07 07:30:16 UTC
3qK82JvRY5s,2020-12-07 05:52:04 UTC
61rvprZBiIg,2020-12-07 05:03:56 UTC
MTCCu8t8y-I,2020-12-07 03:52:28 UTC
j802Z7PmLQM,2020-12-05 10:50:53 UTC
ypKz5MPrFpc,2020-12-05 04:40:21 UTC
_NbcDS7AeVA,2020-12-05 04:34:36 UTC

